資料日期,代號,名稱,觸發條件,收盤價,MA5,MA10,MA20,乖離率(%),成交量(張)
2026-10-06,2637,慧洋-KY,②站上MA10,100.0,97.64,98.72,99.55,0.46,3337
2026-10-06,1608,華榮,①站上MA5,36.2,36.1,35.84,36.0,0.55,1229
2026-10-06,1440,南紡,①站上MA5,13.5,13.45,13.39,13.39,0.82,2028
2026-10-06,9938,百和,①站上MA5 & ②站上MA10,39.1,38.41,38.34,38.57,1.37,1421
2026-10-06,1514,亞力,①站上MA5 & ②站上MA10,103.5,102.5,102.6,101.92,1.55,1063
2026-10-06,3005,神基,①站上MA5 & ②站上MA10,118.5,117.4,117.55,116.47,1.74,2272
2026-10-06,1312,國喬,①站上MA5 & ②站上MA10,14.85,14.74,14.67,14.59,1.76,21537
2026-10-06,2605,新興,①站上MA5 & ②站上MA10,36.95,35.76,36.22,36.26,1.9,18769
2026-10-06,1504,東元,①站上MA5,71.1,69.6,69.13,69.71,1.99,7529
2026-10-06,2890,永豐金,②站上MA10,45.4,44.28,44.66,44.42,2.22,19968
2026-10-06,4142,國光生,①站上MA5 & ②站上MA10,18.15,18.08,17.98,17.74,2.34,1283
2026-10-06,1325,恆大,①站上MA5 & ②站上MA10,26.5,25.95,25.82,25.81,2.68,1285
2026-10-06,6153,嘉聯益,①站上MA5,18.0,17.96,17.62,17.45,3.15,3228
2026-10-06,2332,友訊,①站上MA5 & ②站上MA10,20.4,20.35,20.31,19.71,3.5,6727
2026-10-06,2441,超豐,①站上MA5 & ②站上MA10,126.5,125.4,125.25,120.67,4.83,3489
2026-10-06,2371,大同,①站上MA5,30.6,30.56,29.95,29.08,5.22,11363
2026-10-06,4164,承業醫,①站上MA5,28.35,27.35,27.0,26.3,7.77,1176
2026-10-06,5234,達興材料,①站上MA5,326.5,311.3,305.6,298.25,9.47,1402
